id,title,name,url,category_type,status,status_backup,language_id,language_script,gender,parent_cmtitle
,Adinda,Adinda,https://en.wiktionary.org/w/api.php,given_names,WikiRecordStatus.page,,ind,Latin,Gender.female,Category:Indonesian female given names
,Agni,Agni,https://en.wiktionary.org/w/api.php,given_names,WikiRecordStatus.page,,ind,Latin,Gender.female,Category:Indonesian female given names
,Amanda,Amanda,https://en.wiktionary.org/w/api.php,given_names,WikiRecordStatus.page,,ind,Latin,Gender.female,Category:Indonesian female given names
,Ambar,Ambar,https://en.wiktionary.org/w/api.php,given_names,WikiRecordStatus.page,,ind,Latin,Gender.female,Category:Indonesian female given names
,Amirah,Amirah,https://en.wiktionary.org/w/api.php,given_names,WikiRecordStatus.page,,ind,Latin,Gender.female,Category:Indonesian female given names
,Andini,Andini,https://en.wiktionary.org/w/api.php,given_names,WikiRecordStatus.page,,ind,Latin,Gender.female,Category:Indonesian female given names
,Anggraeni,Anggraeni,https://en.wiktionary.org/w/api.php,given_names,WikiRecordStatus.page,,ind,Latin,Gender.female,Category:Indonesian female given names
,Anggraini,Anggraini,https://en.wiktionary.org/w/api.php,given_names,WikiRecordStatus.page,,ind,Latin,Gender.female,Category:Indonesian female given names
,Anindya,Anindya,https://en.wiktionary.org/w/api.php,given_names,WikiRecordStatus.page,,ind,Latin,Gender.female,Category:Indonesian female given names
,Anis,Anis,https://en.wiktionary.org/w/api.php,given_names,WikiRecordStatus.page,,ind,Latin,Gender.female,Category:Indonesian female given names
,Arum,Arum,https://en.wiktionary.org/w/api.php,given_names,WikiRecordStatus.page,,ind,Latin,Gender.female,Category:Indonesian female given names
,Dea,Dea,https://en.wiktionary.org/w/api.php,given_names,WikiRecordStatus.page,,ind,Latin,Gender.female,Category:Indonesian female given names
,Dian,Dian,https://en.wiktionary.org/w/api.php,given_names,WikiRecordStatus.page,,ind,Latin,Gender.female,Category:Indonesian female given names
,Dwi,Dwi,https://en.wiktionary.org/w/api.php,given_names,WikiRecordStatus.page,,ind,Latin,Gender.female,Category:Indonesian female given names
,Fadilah,Fadilah,https://en.wiktionary.org/w/api.php,given_names,WikiRecordStatus.page,,ind,Latin,Gender.female,Category:Indonesian female given names
,Fitri,Fitri,https://en.wiktionary.org/w/api.php,given_names,WikiRecordStatus.page,,ind,Latin,Gender.female,Category:Indonesian female given names
,Gendis,Gendis,https://en.wiktionary.org/w/api.php,given_names,WikiRecordStatus.page,,ind,Latin,Gender.female,Category:Indonesian female given names
,Ica,Ica,https://en.wiktionary.org/w/api.php,given_names,WikiRecordStatus.page,,ind,Latin,Gender.female,Category:Indonesian female given names
,Ngatemi,Ngatemi,https://en.wiktionary.org/w/api.php,given_names,WikiRecordStatus.page,,ind,Latin,Gender.female,Category:Indonesian female given names
,Ngatirah,Ngatirah,https://en.wiktionary.org/w/api.php,given_names,WikiRecordStatus.page,,ind,Latin,Gender.female,Category:Indonesian female given names
,Ngatminah,Ngatminah,https://en.wiktionary.org/w/api.php,given_names,WikiRecordStatus.page,,ind,Latin,Gender.female,Category:Indonesian female given names
,Nur,Nur,https://en.wiktionary.org/w/api.php,given_names,WikiRecordStatus.page,,ind,Latin,Gender.female,Category:Indonesian female given names
,Poniyem,Poniyem,https://en.wiktionary.org/w/api.php,given_names,WikiRecordStatus.page,,ind,Latin,Gender.female,Category:Indonesian female given names
,Pradita,Pradita,https://en.wiktionary.org/w/api.php,given_names,WikiRecordStatus.page,,ind,Latin,Gender.female,Category:Indonesian female given names
,Putri,Putri,https://en.wiktionary.org/w/api.php,given_names,WikiRecordStatus.page,,ind,Latin,Gender.female,Category:Indonesian female given names
,Ramiyem,Ramiyem,https://en.wiktionary.org/w/api.php,given_names,WikiRecordStatus.page,,ind,Latin,Gender.female,Category:Indonesian female given names
,Ratna,Ratna,https://en.wiktionary.org/w/api.php,given_names,WikiRecordStatus.page,,ind,Latin,Gender.female,Category:Indonesian female given names
,Ratri,Ratri,https://en.wiktionary.org/w/api.php,given_names,WikiRecordStatus.page,,ind,Latin,Gender.female,Category:Indonesian female given names
,Ratu,Ratu,https://en.wiktionary.org/w/api.php,given_names,WikiRecordStatus.page,,ind,Latin,Gender.female,Category:Indonesian female given names
,Raya,Raya,https://en.wiktionary.org/w/api.php,given_names,WikiRecordStatus.page,,ind,Latin,Gender.female,Category:Indonesian female given names
,Retno,Retno,https://en.wiktionary.org/w/api.php,given_names,WikiRecordStatus.page,,ind,Latin,Gender.female,Category:Indonesian female given names
,Rina,Rina,https://en.wiktionary.org/w/api.php,given_names,WikiRecordStatus.page,,ind,Latin,Gender.female,Category:Indonesian female given names
,Rindu,Rindu,https://en.wiktionary.org/w/api.php,given_names,WikiRecordStatus.page,,ind,Latin,Gender.female,Category:Indonesian female given names
,Rujiwati,Rujiwati,https://en.wiktionary.org/w/api.php,given_names,WikiRecordStatus.page,,ind,Latin,Gender.female,Category:Indonesian female given names
,Sari,Sari,https://en.wiktionary.org/w/api.php,given_names,WikiRecordStatus.page,,ind,Latin,Gender.female,Category:Indonesian female given names
,Siti,Siti,https://en.wiktionary.org/w/api.php,given_names,WikiRecordStatus.page,,ind,Latin,Gender.female,Category:Indonesian female given names
,Sri,Sri,https://en.wiktionary.org/w/api.php,given_names,WikiRecordStatus.page,,ind,Latin,Gender.female,Category:Indonesian female given names
,Suginem,Suginem,https://en.wiktionary.org/w/api.php,given_names,WikiRecordStatus.page,,ind,Latin,Gender.female,Category:Indonesian female given names
,Sumiatun,Sumiatun,https://en.wiktionary.org/w/api.php,given_names,WikiRecordStatus.page,,ind,Latin,Gender.female,Category:Indonesian female given names
,Tri,Tri,https://en.wiktionary.org/w/api.php,given_names,WikiRecordStatus.page,,ind,Latin,Gender.female,Category:Indonesian female given names
,Tukinem,Tukinem,https://en.wiktionary.org/w/api.php,given_names,WikiRecordStatus.page,,ind,Latin,Gender.female,Category:Indonesian female given names
,Tuminem,Tuminem,https://en.wiktionary.org/w/api.php,given_names,WikiRecordStatus.page,,ind,Latin,Gender.female,Category:Indonesian female given names
,Tumirah,Tumirah,https://en.wiktionary.org/w/api.php,given_names,WikiRecordStatus.page,,ind,Latin,Gender.female,Category:Indonesian female given names
,Widya,Widya,https://en.wiktionary.org/w/api.php,given_names,WikiRecordStatus.page,,ind,Latin,Gender.female,Category:Indonesian female given names
,Wulan,Wulan,https://en.wiktionary.org/w/api.php,given_names,WikiRecordStatus.page,,ind,Latin,Gender.female,Category:Indonesian female given names
,Wulandari,Wulandari,https://en.wiktionary.org/w/api.php,given_names,WikiRecordStatus.page,,ind,Latin,Gender.female,Category:Indonesian female given names
,Abdul,Abdul,https://en.wiktionary.org/w/api.php,given_names,WikiRecordStatus.page,,ind,Latin,Gender.male,Category:Indonesian male given names
,Abimanyu,Abimanyu,https://en.wiktionary.org/w/api.php,given_names,WikiRecordStatus.page,,ind,Latin,Gender.male,Category:Indonesian male given names
,Ade,Ade,https://en.wiktionary.org/w/api.php,given_names,WikiRecordStatus.page,,ind,Latin,Gender.male,Category:Indonesian male given names
,Adi,Adi,https://en.wiktionary.org/w/api.php,given_names,WikiRecordStatus.page,,ind,Latin,Gender.male,Category:Indonesian male given names
,Adit,Adit,https://en.wiktionary.org/w/api.php,given_names,WikiRecordStatus.page,,ind,Latin,Gender.male,Category:Indonesian male given names
,Adithya,Adithya,https://en.wiktionary.org/w/api.php,given_names,WikiRecordStatus.page,,ind,Latin,Gender.male,Category:Indonesian male given names
,Aditya,Aditya,https://en.wiktionary.org/w/api.php,given_names,WikiRecordStatus.page,,ind,Latin,Gender.male,Category:Indonesian male given names
,Adnan,Adnan,https://en.wiktionary.org/w/api.php,given_names,WikiRecordStatus.page,,ind,Latin,Gender.male,Category:Indonesian male given names
,Afandi,Afandi,https://en.wiktionary.org/w/api.php,given_names,WikiRecordStatus.page,,ind,Latin,Gender.male,Category:Indonesian male given names
,Agni,Agni,https://en.wiktionary.org/w/api.php,given_names,WikiRecordStatus.page,,ind,Latin,Gender.male,Category:Indonesian male given names
,Agung,Agung,https://en.wiktionary.org/w/api.php,given_names,WikiRecordStatus.page,,ind,Latin,Gender.male,Category:Indonesian male given names
,Agus,Agus,https://en.wiktionary.org/w/api.php,given_names,WikiRecordStatus.page,,ind,Latin,Gender.male,Category:Indonesian male given names
,Ahmad,Ahmad,https://en.wiktionary.org/w/api.php,given_names,WikiRecordStatus.page,,ind,Latin,Gender.male,Category:Indonesian male given names
,Aji,Aji,https://en.wiktionary.org/w/api.php,given_names,WikiRecordStatus.page,,ind,Latin,Gender.male,Category:Indonesian male given names
,Akbar,Akbar,https://en.wiktionary.org/w/api.php,given_names,WikiRecordStatus.page,,ind,Latin,Gender.male,Category:Indonesian male given names
,Akhmad,Akhmad,https://en.wiktionary.org/w/api.php,given_names,WikiRecordStatus.page,,ind,Latin,Gender.male,Category:Indonesian male given names
,Amat,Amat,https://en.wiktionary.org/w/api.php,given_names,WikiRecordStatus.page,,ind,Latin,Gender.male,Category:Indonesian male given names
,Andi,Andi,https://en.wiktionary.org/w/api.php,given_names,WikiRecordStatus.page,,ind,Latin,Gender.male,Category:Indonesian male given names
,Anwar,Anwar,https://en.wiktionary.org/w/api.php,given_names,WikiRecordStatus.page,,ind,Latin,Gender.male,Category:Indonesian male given names
,Ardi,Ardi,https://en.wiktionary.org/w/api.php,given_names,WikiRecordStatus.page,,ind,Latin,Gender.male,Category:Indonesian male given names
,Arga,Arga,https://en.wiktionary.org/w/api.php,given_names,WikiRecordStatus.page,,ind,Latin,Gender.male,Category:Indonesian male given names
,Ari,Ari,https://en.wiktionary.org/w/api.php,given_names,WikiRecordStatus.page,,ind,Latin,Gender.male,Category:Indonesian male given names
,Arjuna,Arjuna,https://en.wiktionary.org/w/api.php,given_names,WikiRecordStatus.page,,ind,Latin,Gender.male,Category:Indonesian male given names
,Arya,Arya,https://en.wiktionary.org/w/api.php,given_names,WikiRecordStatus.page,,ind,Latin,Gender.male,Category:Indonesian male given names
,Asep,Asep,https://en.wiktionary.org/w/api.php,given_names,WikiRecordStatus.page,,ind,Latin,Gender.male,Category:Indonesian male given names
,Bagio,Bagio,https://en.wiktionary.org/w/api.php,given_names,WikiRecordStatus.page,,ind,Latin,Gender.male,Category:Indonesian male given names
,Bagus,Bagus,https://en.wiktionary.org/w/api.php,given_names,WikiRecordStatus.page,,ind,Latin,Gender.male,Category:Indonesian male given names
,Bambang,Bambang,https://en.wiktionary.org/w/api.php,given_names,WikiRecordStatus.page,,ind,Latin,Gender.male,Category:Indonesian male given names
,Baskoro,Baskoro,https://en.wiktionary.org/w/api.php,given_names,WikiRecordStatus.page,,ind,Latin,Gender.male,Category:Indonesian male given names
,Basuki,Basuki,https://en.wiktionary.org/w/api.php,given_names,WikiRecordStatus.page,,ind,Latin,Gender.male,Category:Indonesian male given names
,Bimo,Bimo,https://en.wiktionary.org/w/api.php,given_names,WikiRecordStatus.page,,ind,Latin,Gender.male,Category:Indonesian male given names
,Budiono,Budiono,https://en.wiktionary.org/w/api.php,given_names,WikiRecordStatus.page,,ind,Latin,Gender.male,Category:Indonesian male given names
,Cahyadi,Cahyadi,https://en.wiktionary.org/w/api.php,given_names,WikiRecordStatus.page,,ind,Latin,Gender.male,Category:Indonesian male given names
,Cahyo,Cahyo,https://en.wiktionary.org/w/api.php,given_names,WikiRecordStatus.page,,ind,Latin,Gender.male,Category:Indonesian male given names
,Candra,Candra,https://en.wiktionary.org/w/api.php,given_names,WikiRecordStatus.page,,ind,Latin,Gender.male,Category:Indonesian male given names
,Damar,Damar,https://en.wiktionary.org/w/api.php,given_names,WikiRecordStatus.page,,ind,Latin,Gender.male,Category:Indonesian male given names
,Damin,Damin,https://en.wiktionary.org/w/api.php,given_names,WikiRecordStatus.page,,ind,Latin,Gender.male,Category:Indonesian male given names
,Darminto,Darminto,https://en.wiktionary.org/w/api.php,given_names,WikiRecordStatus.page,,ind,Latin,Gender.male,Category:Indonesian male given names
,Darto,Darto,https://en.wiktionary.org/w/api.php,given_names,WikiRecordStatus.page,,ind,Latin,Gender.male,Category:Indonesian male given names
,Dibyo,Dibyo,https://en.wiktionary.org/w/api.php,given_names,WikiRecordStatus.page,,ind,Latin,Gender.male,Category:Indonesian male given names
,Dimas,Dimas,https://en.wiktionary.org/w/api.php,given_names,WikiRecordStatus.page,,ind,Latin,Gender.male,Category:Indonesian male given names
,Dwi,Dwi,https://en.wiktionary.org/w/api.php,given_names,WikiRecordStatus.page,,ind,Latin,Gender.male,Category:Indonesian male given names
,Edi,Edi,https://en.wiktionary.org/w/api.php,given_names,WikiRecordStatus.page,,ind,Latin,Gender.male,Category:Indonesian male given names
,Eko,Eko,https://en.wiktionary.org/w/api.php,given_names,WikiRecordStatus.page,,ind,Latin,Gender.male,Category:Indonesian male given names
,Fadil,Fadil,https://en.wiktionary.org/w/api.php,given_names,WikiRecordStatus.page,,ind,Latin,Gender.male,Category:Indonesian male given names
,Fuad,Fuad,https://en.wiktionary.org/w/api.php,given_names,WikiRecordStatus.page,,ind,Latin,Gender.male,Category:Indonesian male given names
,Galuh,Galuh,https://en.wiktionary.org/w/api.php,given_names,WikiRecordStatus.page,,ind,Latin,Gender.male,Category:Indonesian male given names
,Gatot,Gatot,https://en.wiktionary.org/w/api.php,given_names,WikiRecordStatus.page,,ind,Latin,Gender.male,Category:Indonesian male given names
,Gede,Gede,https://en.wiktionary.org/w/api.php,given_names,WikiRecordStatus.page,,ind,Latin,Gender.male,Category:Indonesian male given names
,Gumelar,Gumelar,https://en.wiktionary.org/w/api.php,given_names,WikiRecordStatus.page,,ind,Latin,Gender.male,Category:Indonesian male given names
,Gunawan,Gunawan,https://en.wiktionary.org/w/api.php,given_names,WikiRecordStatus.page,,ind,Latin,Gender.male,Category:Indonesian male given names
,Guntur,Guntur,https://en.wiktionary.org/w/api.php,given_names,WikiRecordStatus.page,,ind,Latin,Gender.male,Category:Indonesian male given names
,Handoyono,Handoyono,https://en.wiktionary.org/w/api.php,given_names,WikiRecordStatus.page,,ind,Latin,Gender.male,Category:Indonesian male given names
,Harhono,Harhono,https://en.wiktionary.org/w/api.php,given_names,WikiRecordStatus.page,,ind,Latin,Gender.male,Category:Indonesian male given names
,Haris,Haris,https://en.wiktionary.org/w/api.php,given_names,WikiRecordStatus.page,,ind,Latin,Gender.male,Category:Indonesian male given names
,Harjo,Harjo,https://en.wiktionary.org/w/api.php,given_names,WikiRecordStatus.page,,ind,Latin,Gender.male,Category:Indonesian male given names
,Harjono,Harjono,https://en.wiktionary.org/w/api.php,given_names,WikiRecordStatus.page,,ind,Latin,Gender.male,Category:Indonesian male given names
,Haryanto,Haryanto,https://en.wiktionary.org/w/api.php,given_names,WikiRecordStatus.page,,ind,Latin,Gender.male,Category:Indonesian male given names
,Hendro,Hendro,https://en.wiktionary.org/w/api.php,given_names,WikiRecordStatus.page,,ind,Latin,Gender.male,Category:Indonesian male given names
,Hidayat,Hidayat,https://en.wiktionary.org/w/api.php,given_names,WikiRecordStatus.page,,ind,Latin,Gender.male,Category:Indonesian male given names
,Ilham,Ilham,https://en.wiktionary.org/w/api.php,given_names,WikiRecordStatus.page,,ind,Latin,Gender.male,Category:Indonesian male given names
,Imam,Imam,https://en.wiktionary.org/w/api.php,given_names,WikiRecordStatus.page,,ind,Latin,Gender.male,Category:Indonesian male given names
,Indra,Indra,https://en.wiktionary.org/w/api.php,given_names,WikiRecordStatus.page,,ind,Latin,Gender.male,Category:Indonesian male given names
,Jarot,Jarot,https://en.wiktionary.org/w/api.php,given_names,WikiRecordStatus.page,,ind,Latin,Gender.male,Category:Indonesian male given names
,Jenar,Jenar,https://en.wiktionary.org/w/api.php,given_names,WikiRecordStatus.page,,ind,Latin,Gender.male,Category:Indonesian male given names
,Joko,Joko,https://en.wiktionary.org/w/api.php,given_names,WikiRecordStatus.page,,ind,Latin,Gender.male,Category:Indonesian male given names
,Ketut,Ketut,https://en.wiktionary.org/w/api.php,given_names,WikiRecordStatus.page,,ind,Latin,Gender.male,Category:Indonesian male given names
,Kuntoro,Kuntoro,https://en.wiktionary.org/w/api.php,given_names,WikiRecordStatus.page,,ind,Latin,Gender.male,Category:Indonesian male given names
,Kustanto,Kustanto,https://en.wiktionary.org/w/api.php,given_names,WikiRecordStatus.page,,ind,Latin,Gender.male,Category:Indonesian male given names
,Latif,Latif,https://en.wiktionary.org/w/api.php,given_names,WikiRecordStatus.page,,ind,Latin,Gender.male,Category:Indonesian male given names
,Legimin,Legimin,https://en.wiktionary.org/w/api.php,given_names,WikiRecordStatus.page,,ind,Latin,Gender.male,Category:Indonesian male given names
,Lesmana,Lesmana,https://en.wiktionary.org/w/api.php,given_names,WikiRecordStatus.page,,ind,Latin,Gender.male,Category:Indonesian male given names
,Lukman,Lukman,https://en.wiktionary.org/w/api.php,given_names,WikiRecordStatus.page,,ind,Latin,Gender.male,Category:Indonesian male given names
,Martaja,Martaja,https://en.wiktionary.org/w/api.php,given_names,WikiRecordStatus.page,,ind,Latin,Gender.male,Category:Indonesian male given names
,Maryono,Maryono,https://en.wiktionary.org/w/api.php,given_names,WikiRecordStatus.page,,ind,Latin,Gender.male,Category:Indonesian male given names
,Mulyoto,Mulyoto,https://en.wiktionary.org/w/api.php,given_names,WikiRecordStatus.page,,ind,Latin,Gender.male,Category:Indonesian male given names
,Nabil,Nabil,https://en.wiktionary.org/w/api.php,given_names,WikiRecordStatus.page,,ind,Latin,Gender.male,Category:Indonesian male given names
,Naufal,Naufal,https://en.wiktionary.org/w/api.php,given_names,WikiRecordStatus.page,,ind,Latin,Gender.male,Category:Indonesian male given names
,Ngadimin,Ngadimin,https://en.wiktionary.org/w/api.php,given_names,WikiRecordStatus.page,,ind,Latin,Gender.male,Category:Indonesian male given names
,Ngadiran,Ngadiran,https://en.wiktionary.org/w/api.php,given_names,WikiRecordStatus.page,,ind,Latin,Gender.male,Category:Indonesian male given names
,Ngadirin,Ngadirin,https://en.wiktionary.org/w/api.php,given_names,WikiRecordStatus.page,,ind,Latin,Gender.male,Category:Indonesian male given names
,Ngasiran,Ngasiran,https://en.wiktionary.org/w/api.php,given_names,WikiRecordStatus.page,,ind,Latin,Gender.male,Category:Indonesian male given names
,Ngatmo,Ngatmo,https://en.wiktionary.org/w/api.php,given_names,WikiRecordStatus.page,,ind,Latin,Gender.male,Category:Indonesian male given names
,Ngatmono,Ngatmono,https://en.wiktionary.org/w/api.php,given_names,WikiRecordStatus.page,,ind,Latin,Gender.male,Category:Indonesian male given names
,Nugroho,Nugroho,https://en.wiktionary.org/w/api.php,given_names,WikiRecordStatus.page,,ind,Latin,Gender.male,Category:Indonesian male given names
,Nur,Nur,https://en.wiktionary.org/w/api.php,given_names,WikiRecordStatus.page,,ind,Latin,Gender.male,Category:Indonesian male given names
,Paidi,Paidi,https://en.wiktionary.org/w/api.php,given_names,WikiRecordStatus.page,,ind,Latin,Gender.male,Category:Indonesian male given names
,Paryono,Paryono,https://en.wiktionary.org/w/api.php,given_names,WikiRecordStatus.page,,ind,Latin,Gender.male,Category:Indonesian male given names
,Ponijan,Ponijan,https://en.wiktionary.org/w/api.php,given_names,WikiRecordStatus.page,,ind,Latin,Gender.male,Category:Indonesian male given names
,Poniman,Poniman,https://en.wiktionary.org/w/api.php,given_names,WikiRecordStatus.page,,ind,Latin,Gender.male,Category:Indonesian male given names
,Pramono,Pramono,https://en.wiktionary.org/w/api.php,given_names,WikiRecordStatus.page,,ind,Latin,Gender.male,Category:Indonesian male given names
,Pranyoto,Pranyoto,https://en.wiktionary.org/w/api.php,given_names,WikiRecordStatus.page,,ind,Latin,Gender.male,Category:Indonesian male given names
,Pratama,Pratama,https://en.wiktionary.org/w/api.php,given_names,WikiRecordStatus.page,,ind,Latin,Gender.male,Category:Indonesian male given names
,Priyo,Priyo,https://en.wiktionary.org/w/api.php,given_names,WikiRecordStatus.page,,ind,Latin,Gender.male,Category:Indonesian male given names
,Priyono,Priyono,https://en.wiktionary.org/w/api.php,given_names,WikiRecordStatus.page,,ind,Latin,Gender.male,Category:Indonesian male given names
,Pujianto,Pujianto,https://en.wiktionary.org/w/api.php,given_names,WikiRecordStatus.page,,ind,Latin,Gender.male,Category:Indonesian male given names
,Pujiantoro,Pujiantoro,https://en.wiktionary.org/w/api.php,given_names,WikiRecordStatus.page,,ind,Latin,Gender.male,Category:Indonesian male given names
,Purbo,Purbo,https://en.wiktionary.org/w/api.php,given_names,WikiRecordStatus.page,,ind,Latin,Gender.male,Category:Indonesian male given names
,Purnomo,Purnomo,https://en.wiktionary.org/w/api.php,given_names,WikiRecordStatus.page,,ind,Latin,Gender.male,Category:Indonesian male given names
,Purwoto,Purwoto,https://en.wiktionary.org/w/api.php,given_names,WikiRecordStatus.page,,ind,Latin,Gender.male,Category:Indonesian male given names
,Putra,Putra,https://en.wiktionary.org/w/api.php,given_names,WikiRecordStatus.page,,ind,Latin,Gender.male,Category:Indonesian male given names
,Rahardian,Rahardian,https://en.wiktionary.org/w/api.php,given_names,WikiRecordStatus.page,,ind,Latin,Gender.male,Category:Indonesian male given names
,Rahman,Rahman,https://en.wiktionary.org/w/api.php,given_names,WikiRecordStatus.page,,ind,Latin,Gender.male,Category:Indonesian male given names
,Rangga,Rangga,https://en.wiktionary.org/w/api.php,given_names,WikiRecordStatus.page,,ind,Latin,Gender.male,Category:Indonesian male given names
,Respati,Respati,https://en.wiktionary.org/w/api.php,given_names,WikiRecordStatus.page,,ind,Latin,Gender.male,Category:Indonesian male given names
,Reza,Reza,https://en.wiktionary.org/w/api.php,given_names,WikiRecordStatus.page,,ind,Latin,Gender.male,Category:Indonesian male given names
,Rio,Rio,https://en.wiktionary.org/w/api.php,given_names,WikiRecordStatus.page,,ind,Latin,Gender.male,Category:Indonesian male given names
,Riski,Riski,https://en.wiktionary.org/w/api.php,given_names,WikiRecordStatus.page,,ind,Latin,Gender.male,Category:Indonesian male given names
,Risky,Risky,https://en.wiktionary.org/w/api.php,given_names,WikiRecordStatus.page,,ind,Latin,Gender.male,Category:Indonesian male given names
,Riyanto,Riyanto,https://en.wiktionary.org/w/api.php,given_names,WikiRecordStatus.page,,ind,Latin,Gender.male,Category:Indonesian male given names
,Rizki,Rizki,https://en.wiktionary.org/w/api.php,given_names,WikiRecordStatus.page,,ind,Latin,Gender.male,Category:Indonesian male given names
,Rizky,Rizky,https://en.wiktionary.org/w/api.php,given_names,WikiRecordStatus.page,,ind,Latin,Gender.male,Category:Indonesian male given names
,Samijan,Samijan,https://en.wiktionary.org/w/api.php,given_names,WikiRecordStatus.page,,ind,Latin,Gender.male,Category:Indonesian male given names
,Sanyoto,Sanyoto,https://en.wiktionary.org/w/api.php,given_names,WikiRecordStatus.page,,ind,Latin,Gender.male,Category:Indonesian male given names
,Sarimin,Sarimin,https://en.wiktionary.org/w/api.php,given_names,WikiRecordStatus.page,,ind,Latin,Gender.male,Category:Indonesian male given names
,Sarlito,Sarlito,https://en.wiktionary.org/w/api.php,given_names,WikiRecordStatus.page,,ind,Latin,Gender.male,Category:Indonesian male given names
,Sarwono,Sarwono,https://en.wiktionary.org/w/api.php,given_names,WikiRecordStatus.page,,ind,Latin,Gender.male,Category:Indonesian male given names
,Setiono,Setiono,https://en.wiktionary.org/w/api.php,given_names,WikiRecordStatus.page,,ind,Latin,Gender.male,Category:Indonesian male given names
,Sigit,Sigit,https://en.wiktionary.org/w/api.php,given_names,WikiRecordStatus.page,,ind,Latin,Gender.male,Category:Indonesian male given names
,Singgih,Singgih,https://en.wiktionary.org/w/api.php,given_names,WikiRecordStatus.page,,ind,Latin,Gender.male,Category:Indonesian male given names
,Subroto,Subroto,https://en.wiktionary.org/w/api.php,given_names,WikiRecordStatus.page,,ind,Latin,Gender.male,Category:Indonesian male given names
,Sucipto,Sucipto,https://en.wiktionary.org/w/api.php,given_names,WikiRecordStatus.page,,ind,Latin,Gender.male,Category:Indonesian male given names
,Suganda,Suganda,https://en.wiktionary.org/w/api.php,given_names,WikiRecordStatus.page,,ind,Latin,Gender.male,Category:Indonesian male given names
,Sugiyono,Sugiyono,https://en.wiktionary.org/w/api.php,given_names,WikiRecordStatus.page,,ind,Latin,Gender.male,Category:Indonesian male given names
,Sujoyo,Sujoyo,https://en.wiktionary.org/w/api.php,given_names,WikiRecordStatus.page,,ind,Latin,Gender.male,Category:Indonesian male given names
,Sukarman,Sukarman,https://en.wiktionary.org/w/api.php,given_names,WikiRecordStatus.page,,ind,Latin,Gender.male,Category:Indonesian male given names
,Sukiman,Sukiman,https://en.wiktionary.org/w/api.php,given_names,WikiRecordStatus.page,,ind,Latin,Gender.male,Category:Indonesian male given names
,Sulistyo,Sulistyo,https://en.wiktionary.org/w/api.php,given_names,WikiRecordStatus.page,,ind,Latin,Gender.male,Category:Indonesian male given names
,Suparman,Suparman,https://en.wiktionary.org/w/api.php,given_names,WikiRecordStatus.page,,ind,Latin,Gender.male,Category:Indonesian male given names
,Suprianto,Suprianto,https://en.wiktionary.org/w/api.php,given_names,WikiRecordStatus.page,,ind,Latin,Gender.male,Category:Indonesian male given names
,Supriyanto,Supriyanto,https://en.wiktionary.org/w/api.php,given_names,WikiRecordStatus.page,,ind,Latin,Gender.male,Category:Indonesian male given names
,Supriyo,Supriyo,https://en.wiktionary.org/w/api.php,given_names,WikiRecordStatus.page,,ind,Latin,Gender.male,Category:Indonesian male given names
,Suroso,Suroso,https://en.wiktionary.org/w/api.php,given_names,WikiRecordStatus.page,,ind,Latin,Gender.male,Category:Indonesian male given names
,Susanto,Susanto,https://en.wiktionary.org/w/api.php,given_names,WikiRecordStatus.page,,ind,Latin,Gender.male,Category:Indonesian male given names
,Suswantono,Suswantono,https://en.wiktionary.org/w/api.php,given_names,WikiRecordStatus.page,,ind,Latin,Gender.male,Category:Indonesian male given names
,Sutrisno,Sutrisno,https://en.wiktionary.org/w/api.php,given_names,WikiRecordStatus.page,,ind,Latin,Gender.male,Category:Indonesian male given names
,Suwantono,Suwantono,https://en.wiktionary.org/w/api.php,given_names,WikiRecordStatus.page,,ind,Latin,Gender.male,Category:Indonesian male given names
,Suyarto,Suyarto,https://en.wiktionary.org/w/api.php,given_names,WikiRecordStatus.page,,ind,Latin,Gender.male,Category:Indonesian male given names
,Taufik,Taufik,https://en.wiktionary.org/w/api.php,given_names,WikiRecordStatus.page,,ind,Latin,Gender.male,Category:Indonesian male given names
,Tri,Tri,https://en.wiktionary.org/w/api.php,given_names,WikiRecordStatus.page,,ind,Latin,Gender.male,Category:Indonesian male given names
,Trisno,Trisno,https://en.wiktionary.org/w/api.php,given_names,WikiRecordStatus.page,,ind,Latin,Gender.male,Category:Indonesian male given names
,Tukijan,Tukijan,https://en.wiktionary.org/w/api.php,given_names,WikiRecordStatus.page,,ind,Latin,Gender.male,Category:Indonesian male given names
,Tukiman,Tukiman,https://en.wiktionary.org/w/api.php,given_names,WikiRecordStatus.page,,ind,Latin,Gender.male,Category:Indonesian male given names
,Tukimin,Tukimin,https://en.wiktionary.org/w/api.php,given_names,WikiRecordStatus.page,,ind,Latin,Gender.male,Category:Indonesian male given names
,Tukiran,Tukiran,https://en.wiktionary.org/w/api.php,given_names,WikiRecordStatus.page,,ind,Latin,Gender.male,Category:Indonesian male given names
,Tukirin,Tukirin,https://en.wiktionary.org/w/api.php,given_names,WikiRecordStatus.page,,ind,Latin,Gender.male,Category:Indonesian male given names
,Wagimin,Wagimin,https://en.wiktionary.org/w/api.php,given_names,WikiRecordStatus.page,,ind,Latin,Gender.male,Category:Indonesian male given names
,Wahono,Wahono,https://en.wiktionary.org/w/api.php,given_names,WikiRecordStatus.page,,ind,Latin,Gender.male,Category:Indonesian male given names
,Waluyo,Waluyo,https://en.wiktionary.org/w/api.php,given_names,WikiRecordStatus.page,,ind,Latin,Gender.male,Category:Indonesian male given names
,Warsito,Warsito,https://en.wiktionary.org/w/api.php,given_names,WikiRecordStatus.page,,ind,Latin,Gender.male,Category:Indonesian male given names
,Widodo,Widodo,https://en.wiktionary.org/w/api.php,given_names,WikiRecordStatus.page,,ind,Latin,Gender.male,Category:Indonesian male given names
,Wijaya,Wijaya,https://en.wiktionary.org/w/api.php,given_names,WikiRecordStatus.page,,ind,Latin,Gender.male,Category:Indonesian male given names
,Wirawan,Wirawan,https://en.wiktionary.org/w/api.php,given_names,WikiRecordStatus.page,,ind,Latin,Gender.male,Category:Indonesian male given names
,Wuryanto,Wuryanto,https://en.wiktionary.org/w/api.php,given_names,WikiRecordStatus.page,,ind,Latin,Gender.male,Category:Indonesian male given names
,Ayu,Ayu,https://en.wiktionary.org/w/api.php,given_names,WikiRecordStatus.page,,ind,Latin,Gender.female,Category:Malay female given names
,Farhana,Farhana,https://en.wiktionary.org/w/api.php,given_names,WikiRecordStatus.page,,ind,Latin,Gender.female,Category:Malay female given names
,Farhanah,Farhanah,https://en.wiktionary.org/w/api.php,given_names,WikiRecordStatus.page,,ind,Latin,Gender.female,Category:Malay female given names
,Nur,Nur,https://en.wiktionary.org/w/api.php,given_names,WikiRecordStatus.page,,ind,Latin,Gender.female,Category:Malay female given names
,Putih,Putih,https://en.wiktionary.org/w/api.php,given_names,WikiRecordStatus.page,,ind,Latin,Gender.female,Category:Malay female given names
,Siti,Siti,https://en.wiktionary.org/w/api.php,given_names,WikiRecordStatus.page,,ind,Latin,Gender.female,Category:Malay female given names
,Zohrin,Zohrin,https://en.wiktionary.org/w/api.php,given_names,WikiRecordStatus.page,,ind,Latin,Gender.female,Category:Malay female given names
,ايو,ايو,https://en.wiktionary.org/w/api.php,given_names,WikiRecordStatus.page,,ind,Arabic,Gender.female,Category:Malay female given names
,Agus,Agus,https://en.wiktionary.org/w/api.php,given_names,WikiRecordStatus.page,,ind,Latin,Gender.male,Category:Malay male given names
,Bagus,Bagus,https://en.wiktionary.org/w/api.php,given_names,WikiRecordStatus.page,,ind,Latin,Gender.male,Category:Malay male given names
,Berahim,Berahim,https://en.wiktionary.org/w/api.php,given_names,WikiRecordStatus.page,,ind,Latin,Gender.male,Category:Malay male given names
,Danial,Danial,https://en.wiktionary.org/w/api.php,given_names,WikiRecordStatus.page,,ind,Latin,Gender.male,Category:Malay male given names
,Daud,Daud,https://en.wiktionary.org/w/api.php,given_names,WikiRecordStatus.page,,ind,Latin,Gender.male,Category:Malay male given names
,Daut,Daut,https://en.wiktionary.org/w/api.php,given_names,WikiRecordStatus.page,,ind,Latin,Gender.male,Category:Malay male given names
,Haron,Haron,https://en.wiktionary.org/w/api.php,given_names,WikiRecordStatus.page,,ind,Latin,Gender.male,Category:Malay male given names
,Harun,Harun,https://en.wiktionary.org/w/api.php,given_names,WikiRecordStatus.page,,ind,Latin,Gender.male,Category:Malay male given names
,Ibrahim,Ibrahim,https://en.wiktionary.org/w/api.php,given_names,WikiRecordStatus.page,,ind,Latin,Gender.male,Category:Malay male given names
,Nabil,Nabil,https://en.wiktionary.org/w/api.php,given_names,WikiRecordStatus.page,,ind,Latin,Gender.male,Category:Malay male given names
,Naufal,Naufal,https://en.wiktionary.org/w/api.php,given_names,WikiRecordStatus.page,,ind,Latin,Gender.male,Category:Malay male given names
,Putih,Putih,https://en.wiktionary.org/w/api.php,given_names,WikiRecordStatus.page,,ind,Latin,Gender.male,Category:Malay male given names
,Taufik,Taufik,https://en.wiktionary.org/w/api.php,given_names,WikiRecordStatus.page,,ind,Latin,Gender.male,Category:Malay male given names
,اݢوس,اݢوس,https://en.wiktionary.org/w/api.php,given_names,WikiRecordStatus.page,,ind,Arabic,Gender.male,Category:Malay male given names
,براهیم,براهیم,https://en.wiktionary.org/w/api.php,given_names,WikiRecordStatus.page,,ind,Arabic,Gender.male,Category:Malay male given names
,داءوت,داءوت,https://en.wiktionary.org/w/api.php,given_names,WikiRecordStatus.page,,ind,Arabic,Gender.male,Category:Malay male given names
,دانيال,دانيال,https://en.wiktionary.org/w/api.php,given_names,WikiRecordStatus.page,,ind,Arabic,Gender.male,Category:Malay male given names
,داود,داود,https://en.wiktionary.org/w/api.php,given_names,WikiRecordStatus.page,,ind,Arabic,Gender.male,Category:Malay male given names
,هارون,هارون,https://en.wiktionary.org/w/api.php,given_names,WikiRecordStatus.page,,ind,Arabic,Gender.male,Category:Malay male given names
