id,title,name,url,category_type,status,status_backup,language_id,language_script,gender,parent_cmtitle
,Awena,Awena,https://en.wiktionary.org/w/api.php,given_names,WikiRecordStatus.page,,bre,Latin,Gender.female,Category:Breton female given names
,Aziliz,Aziliz,https://en.wiktionary.org/w/api.php,given_names,WikiRecordStatus.page,,bre,Latin,Gender.female,Category:Breton female given names
,Azénor,Azénor,https://en.wiktionary.org/w/api.php,given_names,WikiRecordStatus.page,,bre,Latin,Gender.female,Category:Breton female given names
,Barba,Barba,https://en.wiktionary.org/w/api.php,given_names,WikiRecordStatus.page,,bre,Latin,Gender.female,Category:Breton female given names
,Berc'hed,Berc'hed,https://en.wiktionary.org/w/api.php,given_names,WikiRecordStatus.page,,bre,Latin,Gender.female,Category:Breton female given names
,Brec'hed,Brec'hed,https://en.wiktionary.org/w/api.php,given_names,WikiRecordStatus.page,,bre,Latin,Gender.female,Category:Breton female given names
,Brevala,Brevala,https://en.wiktionary.org/w/api.php,given_names,WikiRecordStatus.page,,bre,Latin,Gender.female,Category:Breton female given names
,Cathell,Cathell,https://en.wiktionary.org/w/api.php,given_names,WikiRecordStatus.page,,bre,Latin,Gender.female,Category:Breton female given names
,Eliboubann,Eliboubann,https://en.wiktionary.org/w/api.php,given_names,WikiRecordStatus.page,,bre,Latin,Gender.female,Category:Breton female given names
,Erwana,Erwana,https://en.wiktionary.org/w/api.php,given_names,WikiRecordStatus.page,,bre,Latin,Gender.female,Category:Breton female given names
,Erwanez,Erwanez,https://en.wiktionary.org/w/api.php,given_names,WikiRecordStatus.page,,bre,Latin,Gender.female,Category:Breton female given names
,Gwenina,Gwenina,https://en.wiktionary.org/w/api.php,given_names,WikiRecordStatus.page,,bre,Latin,Gender.female,Category:Breton female given names
,Gwenivar,Gwenivar,https://en.wiktionary.org/w/api.php,given_names,WikiRecordStatus.page,,bre,Latin,Gender.female,Category:Breton female given names
,Gwenn,Gwenn,https://en.wiktionary.org/w/api.php,given_names,WikiRecordStatus.page,,bre,Latin,Gender.female,Category:Breton female given names
,Gwenola,Gwenola,https://en.wiktionary.org/w/api.php,given_names,WikiRecordStatus.page,,bre,Latin,Gender.female,Category:Breton female given names
,Iltuda,Iltuda,https://en.wiktionary.org/w/api.php,given_names,WikiRecordStatus.page,,bre,Latin,Gender.female,Category:Breton female given names
,Iltuden,Iltuden,https://en.wiktionary.org/w/api.php,given_names,WikiRecordStatus.page,,bre,Latin,Gender.female,Category:Breton female given names
,Iltudez,Iltudez,https://en.wiktionary.org/w/api.php,given_names,WikiRecordStatus.page,,bre,Latin,Gender.female,Category:Breton female given names
,Kaoura,Kaoura,https://en.wiktionary.org/w/api.php,given_names,WikiRecordStatus.page,,bre,Latin,Gender.female,Category:Breton female given names
,Kaourantina,Kaourantina,https://en.wiktionary.org/w/api.php,given_names,WikiRecordStatus.page,,bre,Latin,Gender.female,Category:Breton female given names
,Kaourintina,Kaourintina,https://en.wiktionary.org/w/api.php,given_names,WikiRecordStatus.page,,bre,Latin,Gender.female,Category:Breton female given names
,Katarin,Katarin,https://en.wiktionary.org/w/api.php,given_names,WikiRecordStatus.page,,bre,Latin,Gender.female,Category:Breton female given names
,Katell,Katell,https://en.wiktionary.org/w/api.php,given_names,WikiRecordStatus.page,,bre,Latin,Gender.female,Category:Breton female given names
,Katellig,Katellig,https://en.wiktionary.org/w/api.php,given_names,WikiRecordStatus.page,,bre,Latin,Gender.female,Category:Breton female given names
,Katou,Katou,https://en.wiktionary.org/w/api.php,given_names,WikiRecordStatus.page,,bre,Latin,Gender.female,Category:Breton female given names
,Klervi,Klervi,https://en.wiktionary.org/w/api.php,given_names,WikiRecordStatus.page,,bre,Latin,Gender.female,Category:Breton female given names
,Klervia,Klervia,https://en.wiktionary.org/w/api.php,given_names,WikiRecordStatus.page,,bre,Latin,Gender.female,Category:Breton female given names
,Koulm,Koulm,https://en.wiktionary.org/w/api.php,given_names,WikiRecordStatus.page,,bre,Latin,Gender.female,Category:Breton female given names
,Koulma,Koulma,https://en.wiktionary.org/w/api.php,given_names,WikiRecordStatus.page,,bre,Latin,Gender.female,Category:Breton female given names
,Koulmenn,Koulmenn,https://en.wiktionary.org/w/api.php,given_names,WikiRecordStatus.page,,bre,Latin,Gender.female,Category:Breton female given names
,Koulmez,Koulmez,https://en.wiktionary.org/w/api.php,given_names,WikiRecordStatus.page,,bre,Latin,Gender.female,Category:Breton female given names
,Koulmig,Koulmig,https://en.wiktionary.org/w/api.php,given_names,WikiRecordStatus.page,,bre,Latin,Gender.female,Category:Breton female given names
,Mari,Mari,https://en.wiktionary.org/w/api.php,given_names,WikiRecordStatus.page,,bre,Latin,Gender.female,Category:Breton female given names
,Mevanwi,Mevanwi,https://en.wiktionary.org/w/api.php,given_names,WikiRecordStatus.page,,bre,Latin,Gender.female,Category:Breton female given names
,Morwenna,Morwenna,https://en.wiktionary.org/w/api.php,given_names,WikiRecordStatus.page,,bre,Latin,Gender.female,Category:Breton female given names
,Oanez,Oanez,https://en.wiktionary.org/w/api.php,given_names,WikiRecordStatus.page,,bre,Latin,Gender.female,Category:Breton female given names
,Rozenn,Rozenn,https://en.wiktionary.org/w/api.php,given_names,WikiRecordStatus.page,,bre,Latin,Gender.female,Category:Breton female given names
,Rozennig,Rozennig,https://en.wiktionary.org/w/api.php,given_names,WikiRecordStatus.page,,bre,Latin,Gender.female,Category:Breton female given names
,Ruvona,Ruvona,https://en.wiktionary.org/w/api.php,given_names,WikiRecordStatus.page,,bre,Latin,Gender.female,Category:Breton female given names
,Ruvonenn,Ruvonenn,https://en.wiktionary.org/w/api.php,given_names,WikiRecordStatus.page,,bre,Latin,Gender.female,Category:Breton female given names
,Ruvonez,Ruvonez,https://en.wiktionary.org/w/api.php,given_names,WikiRecordStatus.page,,bre,Latin,Gender.female,Category:Breton female given names
,Seva,Seva,https://en.wiktionary.org/w/api.php,given_names,WikiRecordStatus.page,,bre,Latin,Gender.female,Category:Breton female given names
,Sklaera,Sklaera,https://en.wiktionary.org/w/api.php,given_names,WikiRecordStatus.page,,bre,Latin,Gender.female,Category:Breton female given names
,Sklaerenn,Sklaerenn,https://en.wiktionary.org/w/api.php,given_names,WikiRecordStatus.page,,bre,Latin,Gender.female,Category:Breton female given names
,Sklaerijen,Sklaerijen,https://en.wiktionary.org/w/api.php,given_names,WikiRecordStatus.page,,bre,Latin,Gender.female,Category:Breton female given names
,Soazig,Soazig,https://en.wiktionary.org/w/api.php,given_names,WikiRecordStatus.page,,bre,Latin,Gender.female,Category:Breton female given names
,Solena,Solena,https://en.wiktionary.org/w/api.php,given_names,WikiRecordStatus.page,,bre,Latin,Gender.female,Category:Breton female given names
,Steredenn,Steredenn,https://en.wiktionary.org/w/api.php,given_names,WikiRecordStatus.page,,bre,Latin,Gender.female,Category:Breton female given names
,Steredennig,Steredennig,https://en.wiktionary.org/w/api.php,given_names,WikiRecordStatus.page,,bre,Latin,Gender.female,Category:Breton female given names
,Sterenn,Sterenn,https://en.wiktionary.org/w/api.php,given_names,WikiRecordStatus.page,,bre,Latin,Gender.female,Category:Breton female given names
,Sterennig,Sterennig,https://en.wiktionary.org/w/api.php,given_names,WikiRecordStatus.page,,bre,Latin,Gender.female,Category:Breton female given names
,Tina,Tina,https://en.wiktionary.org/w/api.php,given_names,WikiRecordStatus.page,,bre,Latin,Gender.female,Category:Breton female given names
,Tinaig,Tinaig,https://en.wiktionary.org/w/api.php,given_names,WikiRecordStatus.page,,bre,Latin,Gender.female,Category:Breton female given names
,Aofred,Aofred,https://en.wiktionary.org/w/api.php,given_names,WikiRecordStatus.page,,bre,Latin,Gender.male,Category:Breton male given names
,Arzhur,Arzhur,https://en.wiktionary.org/w/api.php,given_names,WikiRecordStatus.page,,bre,Latin,Gender.male,Category:Breton male given names
,Arzur,Arzur,https://en.wiktionary.org/w/api.php,given_names,WikiRecordStatus.page,,bre,Latin,Gender.male,Category:Breton male given names
,Awen,Awen,https://en.wiktionary.org/w/api.php,given_names,WikiRecordStatus.page,,bre,Latin,Gender.male,Category:Breton male given names
,Aza,Aza,https://en.wiktionary.org/w/api.php,given_names,WikiRecordStatus.page,,bre,Latin,Gender.male,Category:Breton male given names
,Bastian,Bastian,https://en.wiktionary.org/w/api.php,given_names,WikiRecordStatus.page,,bre,Latin,Gender.male,Category:Breton male given names
,Benead,Benead,https://en.wiktionary.org/w/api.php,given_names,WikiRecordStatus.page,,bre,Latin,Gender.male,Category:Breton male given names
,Benedig,Benedig,https://en.wiktionary.org/w/api.php,given_names,WikiRecordStatus.page,,bre,Latin,Gender.male,Category:Breton male given names
,Benniged,Benniged,https://en.wiktionary.org/w/api.php,given_names,WikiRecordStatus.page,,bre,Latin,Gender.male,Category:Breton male given names
,Bernez,Bernez,https://en.wiktionary.org/w/api.php,given_names,WikiRecordStatus.page,,bre,Latin,Gender.male,Category:Breton male given names
,Beuzeg,Beuzeg,https://en.wiktionary.org/w/api.php,given_names,WikiRecordStatus.page,,bre,Latin,Gender.male,Category:Breton male given names
,Brevalaer,Brevalaer,https://en.wiktionary.org/w/api.php,given_names,WikiRecordStatus.page,,bre,Latin,Gender.male,Category:Breton male given names
,Dozhwal,Dozhwal,https://en.wiktionary.org/w/api.php,given_names,WikiRecordStatus.page,,bre,Latin,Gender.male,Category:Breton male given names
,Egat,Egat,https://en.wiktionary.org/w/api.php,given_names,WikiRecordStatus.page,,bre,Latin,Gender.male,Category:Breton male given names
,Eginer,Eginer,https://en.wiktionary.org/w/api.php,given_names,WikiRecordStatus.page,,bre,Latin,Gender.male,Category:Breton male given names
,Ehoarn,Ehoarn,https://en.wiktionary.org/w/api.php,given_names,WikiRecordStatus.page,,bre,Latin,Gender.male,Category:Breton male given names
,Ehouarn,Ehouarn,https://en.wiktionary.org/w/api.php,given_names,WikiRecordStatus.page,,bre,Latin,Gender.male,Category:Breton male given names
,Enogad,Enogad,https://en.wiktionary.org/w/api.php,given_names,WikiRecordStatus.page,,bre,Latin,Gender.male,Category:Breton male given names
,Erwan,Erwan,https://en.wiktionary.org/w/api.php,given_names,WikiRecordStatus.page,,bre,Latin,Gender.male,Category:Breton male given names
,Erwanig,Erwanig,https://en.wiktionary.org/w/api.php,given_names,WikiRecordStatus.page,,bre,Latin,Gender.male,Category:Breton male given names
,Fañch,Fañch,https://en.wiktionary.org/w/api.php,given_names,WikiRecordStatus.page,,bre,Latin,Gender.male,Category:Breton male given names
,Gudwal,Gudwal,https://en.wiktionary.org/w/api.php,given_names,WikiRecordStatus.page,,bre,Latin,Gender.male,Category:Breton male given names
,Gwaloe,Gwaloe,https://en.wiktionary.org/w/api.php,given_names,WikiRecordStatus.page,,bre,Latin,Gender.male,Category:Breton male given names
,Gwendal,Gwendal,https://en.wiktionary.org/w/api.php,given_names,WikiRecordStatus.page,,bre,Latin,Gender.male,Category:Breton male given names
,Gwenegan,Gwenegan,https://en.wiktionary.org/w/api.php,given_names,WikiRecordStatus.page,,bre,Latin,Gender.male,Category:Breton male given names
,Gwenn,Gwenn,https://en.wiktionary.org/w/api.php,given_names,WikiRecordStatus.page,,bre,Latin,Gender.male,Category:Breton male given names
,Gwenneg,Gwenneg,https://en.wiktionary.org/w/api.php,given_names,WikiRecordStatus.page,,bre,Latin,Gender.male,Category:Breton male given names
,Gwennin,Gwennin,https://en.wiktionary.org/w/api.php,given_names,WikiRecordStatus.page,,bre,Latin,Gender.male,Category:Breton male given names
,Gwennog,Gwennog,https://en.wiktionary.org/w/api.php,given_names,WikiRecordStatus.page,,bre,Latin,Gender.male,Category:Breton male given names
,Gwenole,Gwenole,https://en.wiktionary.org/w/api.php,given_names,WikiRecordStatus.page,,bre,Latin,Gender.male,Category:Breton male given names
,Ildut,Ildut,https://en.wiktionary.org/w/api.php,given_names,WikiRecordStatus.page,,bre,Latin,Gender.male,Category:Breton male given names
,Iltud,Iltud,https://en.wiktionary.org/w/api.php,given_names,WikiRecordStatus.page,,bre,Latin,Gender.male,Category:Breton male given names
,Iltudig,Iltudig,https://en.wiktionary.org/w/api.php,given_names,WikiRecordStatus.page,,bre,Latin,Gender.male,Category:Breton male given names
,Kadeg,Kadeg,https://en.wiktionary.org/w/api.php,given_names,WikiRecordStatus.page,,bre,Latin,Gender.male,Category:Breton male given names
,Kado,Kado,https://en.wiktionary.org/w/api.php,given_names,WikiRecordStatus.page,,bre,Latin,Gender.male,Category:Breton male given names
,Kadwalon,Kadwalon,https://en.wiktionary.org/w/api.php,given_names,WikiRecordStatus.page,,bre,Latin,Gender.male,Category:Breton male given names
,Kaour,Kaour,https://en.wiktionary.org/w/api.php,given_names,WikiRecordStatus.page,,bre,Latin,Gender.male,Category:Breton male given names
,Kaourantin,Kaourantin,https://en.wiktionary.org/w/api.php,given_names,WikiRecordStatus.page,,bre,Latin,Gender.male,Category:Breton male given names
,Kaourintin,Kaourintin,https://en.wiktionary.org/w/api.php,given_names,WikiRecordStatus.page,,bre,Latin,Gender.male,Category:Breton male given names
,Karadeg,Karadeg,https://en.wiktionary.org/w/api.php,given_names,WikiRecordStatus.page,,bre,Latin,Gender.male,Category:Breton male given names
,Kavan,Kavan,https://en.wiktionary.org/w/api.php,given_names,WikiRecordStatus.page,,bre,Latin,Gender.male,Category:Breton male given names
,Ke,Ke,https://en.wiktionary.org/w/api.php,given_names,WikiRecordStatus.page,,bre,Latin,Gender.male,Category:Breton male given names
,Kerrien,Kerrien,https://en.wiktionary.org/w/api.php,given_names,WikiRecordStatus.page,,bre,Latin,Gender.male,Category:Breton male given names
,Kevin,Kevin,https://en.wiktionary.org/w/api.php,given_names,WikiRecordStatus.page,,bre,Latin,Gender.male,Category:Breton male given names
,Konan,Konan,https://en.wiktionary.org/w/api.php,given_names,WikiRecordStatus.page,,bre,Latin,Gender.male,Category:Breton male given names
,Koneg,Koneg,https://en.wiktionary.org/w/api.php,given_names,WikiRecordStatus.page,,bre,Latin,Gender.male,Category:Breton male given names
,Kongal,Kongal,https://en.wiktionary.org/w/api.php,given_names,WikiRecordStatus.page,,bre,Latin,Gender.male,Category:Breton male given names
,Konogan,Konogan,https://en.wiktionary.org/w/api.php,given_names,WikiRecordStatus.page,,bre,Latin,Gender.male,Category:Breton male given names
,Konvael,Konvael,https://en.wiktionary.org/w/api.php,given_names,WikiRecordStatus.page,,bre,Latin,Gender.male,Category:Breton male given names
,Konvoion,Konvoion,https://en.wiktionary.org/w/api.php,given_names,WikiRecordStatus.page,,bre,Latin,Gender.male,Category:Breton male given names
,Konwal,Konwal,https://en.wiktionary.org/w/api.php,given_names,WikiRecordStatus.page,,bre,Latin,Gender.male,Category:Breton male given names
,Kornéli,Kornéli,https://en.wiktionary.org/w/api.php,given_names,WikiRecordStatus.page,,bre,Latin,Gender.male,Category:Breton male given names
,Koulm,Koulm,https://en.wiktionary.org/w/api.php,given_names,WikiRecordStatus.page,,bre,Latin,Gender.male,Category:Breton male given names
,Koulman,Koulman,https://en.wiktionary.org/w/api.php,given_names,WikiRecordStatus.page,,bre,Latin,Gender.male,Category:Breton male given names
,Koulmig,Koulmig,https://en.wiktionary.org/w/api.php,given_names,WikiRecordStatus.page,,bre,Latin,Gender.male,Category:Breton male given names
,Kunwal,Kunwal,https://en.wiktionary.org/w/api.php,given_names,WikiRecordStatus.page,,bre,Latin,Gender.male,Category:Breton male given names
,Merzherian,Merzherian,https://en.wiktionary.org/w/api.php,given_names,WikiRecordStatus.page,,bre,Latin,Gender.male,Category:Breton male given names
,Nolo,Nolo,https://en.wiktionary.org/w/api.php,given_names,WikiRecordStatus.page,,bre,Latin,Gender.male,Category:Breton male given names
,Per,Per,https://en.wiktionary.org/w/api.php,given_names,WikiRecordStatus.page,,bre,Latin,Gender.male,Category:Breton male given names
,Primel,Primel,https://en.wiktionary.org/w/api.php,given_names,WikiRecordStatus.page,,bre,Latin,Gender.male,Category:Breton male given names
,Privel,Privel,https://en.wiktionary.org/w/api.php,given_names,WikiRecordStatus.page,,bre,Latin,Gender.male,Category:Breton male given names
,Riagad,Riagad,https://en.wiktionary.org/w/api.php,given_names,WikiRecordStatus.page,,bre,Latin,Gender.male,Category:Breton male given names
,Rieg,Rieg,https://en.wiktionary.org/w/api.php,given_names,WikiRecordStatus.page,,bre,Latin,Gender.male,Category:Breton male given names
,Riowen,Riowen,https://en.wiktionary.org/w/api.php,given_names,WikiRecordStatus.page,,bre,Latin,Gender.male,Category:Breton male given names
,Riwal,Riwal,https://en.wiktionary.org/w/api.php,given_names,WikiRecordStatus.page,,bre,Latin,Gender.male,Category:Breton male given names
,Riwalig,Riwalig,https://en.wiktionary.org/w/api.php,given_names,WikiRecordStatus.page,,bre,Latin,Gender.male,Category:Breton male given names
,Riwan,Riwan,https://en.wiktionary.org/w/api.php,given_names,WikiRecordStatus.page,,bre,Latin,Gender.male,Category:Breton male given names
,Roparzh,Roparzh,https://en.wiktionary.org/w/api.php,given_names,WikiRecordStatus.page,,bre,Latin,Gender.male,Category:Breton male given names
,Ruvon,Ruvon,https://en.wiktionary.org/w/api.php,given_names,WikiRecordStatus.page,,bre,Latin,Gender.male,Category:Breton male given names
,Ruvonig,Ruvonig,https://en.wiktionary.org/w/api.php,given_names,WikiRecordStatus.page,,bre,Latin,Gender.male,Category:Breton male given names
,Salaün,Salaün,https://en.wiktionary.org/w/api.php,given_names,WikiRecordStatus.page,,bre,Latin,Gender.male,Category:Breton male given names
,Samzun,Samzun,https://en.wiktionary.org/w/api.php,given_names,WikiRecordStatus.page,,bre,Latin,Gender.male,Category:Breton male given names
,Selaven,Selaven,https://en.wiktionary.org/w/api.php,given_names,WikiRecordStatus.page,,bre,Latin,Gender.male,Category:Breton male given names
,Senan,Senan,https://en.wiktionary.org/w/api.php,given_names,WikiRecordStatus.page,,bre,Latin,Gender.male,Category:Breton male given names
,Seo,Seo,https://en.wiktionary.org/w/api.php,given_names,WikiRecordStatus.page,,bre,Latin,Gender.male,Category:Breton male given names
,Sev,Sev,https://en.wiktionary.org/w/api.php,given_names,WikiRecordStatus.page,,bre,Latin,Gender.male,Category:Breton male given names
,Sezneg,Sezneg,https://en.wiktionary.org/w/api.php,given_names,WikiRecordStatus.page,,bre,Latin,Gender.male,Category:Breton male given names
,Sezni,Sezni,https://en.wiktionary.org/w/api.php,given_names,WikiRecordStatus.page,,bre,Latin,Gender.male,Category:Breton male given names
,Sklaer,Sklaer,https://en.wiktionary.org/w/api.php,given_names,WikiRecordStatus.page,,bre,Latin,Gender.male,Category:Breton male given names
,Solen,Solen,https://en.wiktionary.org/w/api.php,given_names,WikiRecordStatus.page,,bre,Latin,Gender.male,Category:Breton male given names
,Sulian,Sulian,https://en.wiktionary.org/w/api.php,given_names,WikiRecordStatus.page,,bre,Latin,Gender.male,Category:Breton male given names
,Sulio,Sulio,https://en.wiktionary.org/w/api.php,given_names,WikiRecordStatus.page,,bre,Latin,Gender.male,Category:Breton male given names
,Tangi,Tangi,https://en.wiktionary.org/w/api.php,given_names,WikiRecordStatus.page,,bre,Latin,Gender.male,Category:Breton male given names
,Tegoneg,Tegoneg,https://en.wiktionary.org/w/api.php,given_names,WikiRecordStatus.page,,bre,Latin,Gender.male,Category:Breton male given names
,Tin,Tin,https://en.wiktionary.org/w/api.php,given_names,WikiRecordStatus.page,,bre,Latin,Gender.male,Category:Breton male given names
,Tomaz,Tomaz,https://en.wiktionary.org/w/api.php,given_names,WikiRecordStatus.page,,bre,Latin,Gender.male,Category:Breton male given names
,Tudig,Tudig,https://en.wiktionary.org/w/api.php,given_names,WikiRecordStatus.page,,bre,Latin,Gender.male,Category:Breton male given names
,Walig,Walig,https://en.wiktionary.org/w/api.php,given_names,WikiRecordStatus.page,,bre,Latin,Gender.male,Category:Breton male given names
,Wanig,Wanig,https://en.wiktionary.org/w/api.php,given_names,WikiRecordStatus.page,,bre,Latin,Gender.male,Category:Breton male given names
,Winoc,Winoc,https://en.wiktionary.org/w/api.php,given_names,WikiRecordStatus.page,,bre,Latin,Gender.male,Category:Breton male given names
,Yann,Yann,https://en.wiktionary.org/w/api.php,given_names,WikiRecordStatus.page,,bre,Latin,Gender.male,Category:Breton male given names
,Yannig,Yannig,https://en.wiktionary.org/w/api.php,given_names,WikiRecordStatus.page,,bre,Latin,Gender.male,Category:Breton male given names
